,value,NDVI_mean,NDWI_mean
count,22.0,22.0,22.0
mean,2737.621646501801,-0.01496474935927173,0.40008616041053424
std,8392.410122986925,0.15191526522878032,0.1896513916405527
min,2.034945011138916,-0.1526029109954834,0.066716119647026
25%,2.615898907184601,-0.10659111663699147,0.3172129988670349
50%,3.2912437915802,-0.051289914175868,0.38978545367717743
75%,185.00056207180023,0.007667650002986151,0.4607325941324234
max,37636.90234375,0.443627655506134,1.00678813457489
